{
    "accuracy": 0.83984375,
    "loss": 0.38015869492664933
}