{
    "accuracy": 0.84521484375,
    "loss": 0.376117127481848
}