{
    "accuracy": 0.5729166666666667,
    "loss": 1.2606762988226754
}