{
    "accuracy": 0.84423828125,
    "loss": 0.43677355581894517
}