{
    "accuracy": 0.8408203125,
    "loss": 0.40544702345505357
}