{
    "accuracy": 0.83740234375,
    "loss": 0.6099196560680866
}