{
    "accuracy": 0.8110119047619048,
    "loss": 0.5371014518397195
}