{
    "accuracy": 0.84130859375,
    "loss": 0.4227509633637965
}