{
    "accuracy": 0.8271484375,
    "loss": 0.39772029395680875
}