{
    "accuracy": 0.82958984375,
    "loss": 0.39342910901177675
}