train_acc,train_loss,val_acc,val_loss
0.2740325927734375,0.7816017866134644,0.8040443420410156,0.48974581360816954
