{
    "accuracy": 0.844061279296875,
    "loss": 0.39597743153572085
}