{
    "accuracy": 0.821319580078125,
    "loss": 0.5937015295028687
}