{
    "accuracy": 0.8356315612792968,
    "loss": 0.4570284605026245
}