{
    "accuracy": 0.8160446166992188,
    "loss": 0.5737481772899627
}