{
    "accuracy": 0.8040443420410156,
    "loss": 0.48974581360816954
}