{
    "accuracy": 0.7810768127441406,
    "loss": 0.9783683300018311
}