{
    "accuracy": 0.8162948608398437,
    "loss": 0.6281345605850219
}