{
    "accuracy": 0.81494140625,
    "loss": 0.4206202570348978
}