{
    "accuracy": 0.7705078125,
    "loss": 0.4806474046781659
}