{
    "accuracy": 0.9136904761904762,
    "loss": 0.5121265266622815
}