{
    "accuracy": 0.9166666666666667,
    "loss": 0.5566165234361377
}