{
    "accuracy": 0.7994791666666666,
    "loss": 0.4861256331205368
}