{
    "accuracy": 0.8060768127441407,
    "loss": 0.4759096741676331
}