{
    "accuracy": 0.8031585693359375,
    "loss": 0.5386439323425293
}